Ligne;Erreur
2;"La date ""25/11/2024"" ne correspond à aucune période de jeu (S1-S24)."
3;"La date ""25/11/2024"" ne correspond à aucune période de jeu (S1-S24)."
4;"La date ""26/11/2024"" ne correspond à aucune période de jeu (S1-S24)."
5;"La date ""26/11/2024"" ne correspond à aucune période de jeu (S1-S24)."
6;"La date ""26/11/2024"" ne correspond à aucune période de jeu (S1-S24)."
7;"La date ""26/11/2024"" ne correspond à aucune période de jeu (S1-S24)."
8;"La date ""26/11/2024"" ne correspond à aucune période de jeu (S1-S24)."
9;"La date ""26/11/2024"" ne correspond à aucune période de jeu (S1-S24)."
10;"La date ""26/11/2024"" ne correspond à aucune période de jeu (S1-S24)."
11;"La date ""26/11/2024"" ne correspond à aucune période de jeu (S1-S24)."
12;"La date ""26/11/2024"" ne correspond à aucune période de jeu (S1-S24)."
13;"La date ""26/11/2024"" ne correspond à aucune période de jeu (S1-S24)."
14;"La date ""26/11/2024"" ne correspond à aucune période de jeu (S1-S24)."
15;"La date ""26/11/2024"" ne correspond à aucune période de jeu (S1-S24)."
16;"La date ""26/11/2024"" ne correspond à aucune période de jeu (S1-S24)."
17;"La date ""26/11/2024"" ne correspond à aucune période de jeu (S1-S24)."
18;"La date ""26/11/2024"" ne correspond à aucune période de jeu (S1-S24)."
19;"La date ""26/11/2024"" ne correspond à aucune période de jeu (S1-S24)."
20;"La date ""26/11/2024"" ne correspond à aucune période de jeu (S1-S24)."
21;"La date ""26/11/2024"" ne correspond à aucune période de jeu (S1-S24)."
22;"La date ""26/11/2024"" ne correspond à aucune période de jeu (S1-S24)."
23;"La date ""26/11/2024"" ne correspond à aucune période de jeu (S1-S24)."
24;"La date ""26/11/2024"" ne correspond à aucune période de jeu (S1-S24)."
25;"La date ""26/11/2024"" ne correspond à aucune période de jeu (S1-S24)."
26;"La date ""26/11/2024"" ne correspond à aucune période de jeu (S1-S24)."
27;"La date ""26/11/2024"" ne correspond à aucune période de jeu (S1-S24)."
28;"La date ""26/11/2024"" ne correspond à aucune période de jeu (S1-S24)."
29;"La date ""26/11/2024"" ne correspond à aucune période de jeu (S1-S24)."
30;"La date ""26/11/2024"" ne correspond à aucune période de jeu (S1-S24)."
31;"La date ""26/11/2024"" ne correspond à aucune période de jeu (S1-S24)."
32;"La date ""26/11/2024"" ne correspond à aucune période de jeu (S1-S24)."
33;"La date ""02/12/2024"" ne correspond à aucune période de jeu (S1-S24)."
34;"La date ""02/12/2024"" ne correspond à aucune période de jeu (S1-S24)."
35;"La date ""02/12/2024"" ne correspond à aucune période de jeu (S1-S24)."
36;"La date ""27/11/2024"" ne correspond à aucune période de jeu (S1-S24)."
37;"La date ""27/11/2024"" ne correspond à aucune période de jeu (S1-S24)."
38;"La date ""27/11/2024"" ne correspond à aucune période de jeu (S1-S24)."
39;"La date ""15/12/2024"" ne correspond à aucune période de jeu (S1-S24)."
40;"La date ""15/12/2024"" ne correspond à aucune période de jeu (S1-S24)."
41;"La date ""15/12/2024"" ne correspond à aucune période de jeu (S1-S24)."
42;"La date ""15/12/2024"" ne correspond à aucune période de jeu (S1-S24)."
43;"La date ""02/12/2024"" ne correspond à aucune période de jeu (S1-S24)."
44;"La date ""02/12/2024"" ne correspond à aucune période de jeu (S1-S24)."
45;"La date ""02/12/2024"" ne correspond à aucune période de jeu (S1-S24)."
46;"La date ""09/12/2024"" ne correspond à aucune période de jeu (S1-S24)."
47;"La date ""09/12/2024"" ne correspond à aucune période de jeu (S1-S24)."
48;"La date ""09/12/2024"" ne correspond à aucune période de jeu (S1-S24)."
49;"La date ""09/12/2024"" ne correspond à aucune période de jeu (S1-S24)."
50;"La date ""09/12/2024"" ne correspond à aucune période de jeu (S1-S24)."
51;"La date ""09/12/2024"" ne correspond à aucune période de jeu (S1-S24)."
52;"La date ""09/12/2024"" ne correspond à aucune période de jeu (S1-S24)."
53;"La date ""09/12/2024"" ne correspond à aucune période de jeu (S1-S24)."
54;"La date ""09/12/2024"" ne correspond à aucune période de jeu (S1-S24)."
55;"La date ""09/12/2024"" ne correspond à aucune période de jeu (S1-S24)."
56;"La date ""09/12/2024"" ne correspond à aucune période de jeu (S1-S24)."
57;"La date ""09/12/2024"" ne correspond à aucune période de jeu (S1-S24)."
58;"La date ""09/12/2024"" ne correspond à aucune période de jeu (S1-S24)."
59;"La date ""10/12/2024"" ne correspond à aucune période de jeu (S1-S24)."
60;"La date ""10/12/2024"" ne correspond à aucune période de jeu (S1-S24)."
61;"La date ""10/12/2024"" ne correspond à aucune période de jeu (S1-S24)."
62;"La date ""10/12/2024"" ne correspond à aucune période de jeu (S1-S24)."
63;"La date ""10/12/2024"" ne correspond à aucune période de jeu (S1-S24)."
64;"La date ""10/12/2024"" ne correspond à aucune période de jeu (S1-S24)."
65;"La date ""10/12/2024"" ne correspond à aucune période de jeu (S1-S24)."
66;"La date ""10/12/2024"" ne correspond à aucune période de jeu (S1-S24)."
67;"La date ""10/12/2024"" ne correspond à aucune période de jeu (S1-S24)."
68;"La date ""10/12/2024"" ne correspond à aucune période de jeu (S1-S24)."
69;"La date ""10/12/2024"" ne correspond à aucune période de jeu (S1-S24)."
70;"La date ""10/12/2024"" ne correspond à aucune période de jeu (S1-S24)."
71;"La date ""10/12/2024"" ne correspond à aucune période de jeu (S1-S24)."
72;"La date ""10/12/2024"" ne correspond à aucune période de jeu (S1-S24)."
73;"La date ""09/12/2024"" ne correspond à aucune période de jeu (S1-S24)."
74;"La date ""09/12/2024"" ne correspond à aucune période de jeu (S1-S24)."
75;"La date ""09/12/2024"" ne correspond à aucune période de jeu (S1-S24)."
76;"La date ""09/12/2024"" ne correspond à aucune période de jeu (S1-S24)."
77;"La date ""09/12/2024"" ne correspond à aucune période de jeu (S1-S24)."
78;"La date ""09/12/2024"" ne correspond à aucune période de jeu (S1-S24)."
79;"La date ""09/12/2024"" ne correspond à aucune période de jeu (S1-S24)."
80;"La date ""09/12/2024"" ne correspond à aucune période de jeu (S1-S24)."
81;"La date ""09/12/2024"" ne correspond à aucune période de jeu (S1-S24)."
82;"La date ""09/12/2024"" ne correspond à aucune période de jeu (S1-S24)."
83;"La date ""09/12/2024"" ne correspond à aucune période de jeu (S1-S24)."
84;"La date ""09/12/2024"" ne correspond à aucune période de jeu (S1-S24)."
85;"La date ""09/12/2024"" ne correspond à aucune période de jeu (S1-S24)."
86;"La date ""28/11/2024"" ne correspond à aucune période de jeu (S1-S24)."
87;"La date ""28/11/2024"" ne correspond à aucune période de jeu (S1-S24)."
88;"La date ""28/11/2024"" ne correspond à aucune période de jeu (S1-S24)."
89;"La date ""28/11/2024"" ne correspond à aucune période de jeu (S1-S24)."
90;"La date ""28/11/2024"" ne correspond à aucune période de jeu (S1-S24)."
91;"La date ""28/11/2024"" ne correspond à aucune période de jeu (S1-S24)."
92;"La date ""28/11/2024"" ne correspond à aucune période de jeu (S1-S24)."
93;"La date ""28/11/2024"" ne correspond à aucune période de jeu (S1-S24)."
94;"La date ""28/11/2024"" ne correspond à aucune période de jeu (S1-S24)."
95;"La date ""10/12/2024"" ne correspond à aucune période de jeu (S1-S24)."
96;"La date ""10/12/2024"" ne correspond à aucune période de jeu (S1-S24)."
97;"La date ""10/12/2024"" ne correspond à aucune période de jeu (S1-S24)."
98;"La date ""10/12/2024"" ne correspond à aucune période de jeu (S1-S24)."
99;"La date ""15/12/2024"" ne correspond à aucune période de jeu (S1-S24)."
100;"La date ""15/12/2024"" ne correspond à aucune période de jeu (S1-S24)."
101;"La date ""15/12/2024"" ne correspond à aucune période de jeu (S1-S24)."
102;"La date ""15/12/2024"" ne correspond à aucune période de jeu (S1-S24)."
103;"La date ""15/12/2024"" ne correspond à aucune période de jeu (S1-S24)."
104;"La date ""15/12/2024"" ne correspond à aucune période de jeu (S1-S24)."
105;"La date ""15/12/2024"" ne correspond à aucune période de jeu (S1-S24)."
106;"La date ""15/12/2024"" ne correspond à aucune période de jeu (S1-S24)."
107;"La date ""15/12/2024"" ne correspond à aucune période de jeu (S1-S24)."
108;"La date ""15/12/2024"" ne correspond à aucune période de jeu (S1-S24)."
109;"La date ""15/12/2024"" ne correspond à aucune période de jeu (S1-S24)."
110;"La date ""15/12/2024"" ne correspond à aucune période de jeu (S1-S24)."
111;"La date ""15/12/2024"" ne correspond à aucune période de jeu (S1-S24)."
112;"La date ""05/12/2024"" ne correspond à aucune période de jeu (S1-S24)."
113;"La date ""05/12/2024"" ne correspond à aucune période de jeu (S1-S24)."
114;"La date ""05/12/2024"" ne correspond à aucune période de jeu (S1-S24)."
115;"La date ""05/12/2024"" ne correspond à aucune période de jeu (S1-S24)."
116;"La date ""05/12/2024"" ne correspond à aucune période de jeu (S1-S24)."
117;"La date ""05/12/2024"" ne correspond à aucune période de jeu (S1-S24)."
118;"La date ""05/12/2024"" ne correspond à aucune période de jeu (S1-S24)."
119;"La date ""05/12/2024"" ne correspond à aucune période de jeu (S1-S24)."
120;"La date ""05/12/2024"" ne correspond à aucune période de jeu (S1-S24)."
121;"La date ""05/12/2024"" ne correspond à aucune période de jeu (S1-S24)."
122;"La date ""05/12/2024"" ne correspond à aucune période de jeu (S1-S24)."
123;"La date ""05/12/2024"" ne correspond à aucune période de jeu (S1-S24)."
124;"La date ""05/12/2024"" ne correspond à aucune période de jeu (S1-S24)."
125;"La date ""05/12/2024"" ne correspond à aucune période de jeu (S1-S24)."
126;"La date ""05/12/2024"" ne correspond à aucune période de jeu (S1-S24)."
127;"La date ""15/12/2024"" ne correspond à aucune période de jeu (S1-S24)."
128;"La date ""15/12/2024"" ne correspond à aucune période de jeu (S1-S24)."
129;"La date ""15/12/2024"" ne correspond à aucune période de jeu (S1-S24)."
130;"La date ""15/12/2024"" ne correspond à aucune période de jeu (S1-S24)."
131;"La date ""15/12/2024"" ne correspond à aucune période de jeu (S1-S24)."
132;"La date ""10/12/2024"" ne correspond à aucune période de jeu (S1-S24)."
133;"La date ""10/12/2024"" ne correspond à aucune période de jeu (S1-S24)."
134;"La date ""10/12/2024"" ne correspond à aucune période de jeu (S1-S24)."
135;"La date ""10/12/2024"" ne correspond à aucune période de jeu (S1-S24)."
136;"La date ""10/12/2024"" ne correspond à aucune période de jeu (S1-S24)."
137;"La date ""10/12/2024"" ne correspond à aucune période de jeu (S1-S24)."
138;"La date ""10/12/2024"" ne correspond à aucune période de jeu (S1-S24)."
139;"La date ""10/12/2024"" ne correspond à aucune période de jeu (S1-S24)."
140;"La date ""10/12/2024"" ne correspond à aucune période de jeu (S1-S24)."
141;"La date ""10/12/2024"" ne correspond à aucune période de jeu (S1-S24)."
142;"La date ""11/12/2024"" ne correspond à aucune période de jeu (S1-S24)."
143;"La date ""11/12/2024"" ne correspond à aucune période de jeu (S1-S24)."
144;"La date ""11/12/2024"" ne correspond à aucune période de jeu (S1-S24)."
145;"La date ""11/12/2024"" ne correspond à aucune période de jeu (S1-S24)."
146;"La date ""11/12/2024"" ne correspond à aucune période de jeu (S1-S24)."
147;"La date ""11/12/2024"" ne correspond à aucune période de jeu (S1-S24)."
148;"La date ""11/12/2024"" ne correspond à aucune période de jeu (S1-S24)."
149;"La date ""11/12/2024"" ne correspond à aucune période de jeu (S1-S24)."
150;"La date ""11/12/2024"" ne correspond à aucune période de jeu (S1-S24)."
151;"La date ""11/12/2024"" ne correspond à aucune période de jeu (S1-S24)."
152;"La date ""11/12/2024"" ne correspond à aucune période de jeu (S1-S24)."
153;"La date ""11/12/2024"" ne correspond à aucune période de jeu (S1-S24)."
154;"La date ""11/12/2024"" ne correspond à aucune période de jeu (S1-S24)."
155;"La date ""11/12/2024"" ne correspond à aucune période de jeu (S1-S24)."
156;"La date ""11/12/2024"" ne correspond à aucune période de jeu (S1-S24)."
157;"La date ""30/11/2024"" ne correspond à aucune période de jeu (S1-S24)."
158;"La date ""30/11/2024"" ne correspond à aucune période de jeu (S1-S24)."
159;"La date ""30/11/2024"" ne correspond à aucune période de jeu (S1-S24)."
160;"La date ""30/11/2024"" ne correspond à aucune période de jeu (S1-S24)."
161;"La date ""30/11/2024"" ne correspond à aucune période de jeu (S1-S24)."
162;"La date ""30/11/2024"" ne correspond à aucune période de jeu (S1-S24)."
163;"La date ""15/12/2024"" ne correspond à aucune période de jeu (S1-S24)."
164;"La date ""15/12/2024"" ne correspond à aucune période de jeu (S1-S24)."
165;"La date ""05/12/2024"" ne correspond à aucune période de jeu (S1-S24)."
166;"La date ""05/12/2024"" ne correspond à aucune période de jeu (S1-S24)."
167;"La date ""05/12/2024"" ne correspond à aucune période de jeu (S1-S24)."
168;"La date ""05/12/2024"" ne correspond à aucune période de jeu (S1-S24)."
169;"La date ""05/12/2024"" ne correspond à aucune période de jeu (S1-S24)."
170;"La date ""05/12/2024"" ne correspond à aucune période de jeu (S1-S24)."
171;"La date ""05/12/2024"" ne correspond à aucune période de jeu (S1-S24)."
172;"La date ""05/12/2024"" ne correspond à aucune période de jeu (S1-S24)."
173;"La date ""05/12/2024"" ne correspond à aucune période de jeu (S1-S24)."
174;"La date ""05/12/2024"" ne correspond à aucune période de jeu (S1-S24)."
175;"La date ""05/12/2024"" ne correspond à aucune période de jeu (S1-S24)."
176;"La date ""05/12/2024"" ne correspond à aucune période de jeu (S1-S24)."
177;"La date ""05/12/2024"" ne correspond à aucune période de jeu (S1-S24)."
178;"La date ""05/12/2024"" ne correspond à aucune période de jeu (S1-S24)."
179;"La date ""05/12/2024"" ne correspond à aucune période de jeu (S1-S24)."
180;"La date ""05/12/2024"" ne correspond à aucune période de jeu (S1-S24)."
181;"La date ""11/12/2024"" ne correspond à aucune période de jeu (S1-S24)."
182;"La date ""11/12/2024"" ne correspond à aucune période de jeu (S1-S24)."
183;"La date ""11/12/2024"" ne correspond à aucune période de jeu (S1-S24)."
184;"La date ""11/12/2024"" ne correspond à aucune période de jeu (S1-S24)."
185;"La date ""11/12/2024"" ne correspond à aucune période de jeu (S1-S24)."
186;"La date ""11/12/2024"" ne correspond à aucune période de jeu (S1-S24)."
187;"La date ""11/12/2024"" ne correspond à aucune période de jeu (S1-S24)."
188;"La date ""11/12/2024"" ne correspond à aucune période de jeu (S1-S24)."
189;"La date ""11/12/2024"" ne correspond à aucune période de jeu (S1-S24)."
190;"La date ""11/12/2024"" ne correspond à aucune période de jeu (S1-S24)."
191;"La date ""11/12/2024"" ne correspond à aucune période de jeu (S1-S24)."
192;"La date ""11/12/2024"" ne correspond à aucune période de jeu (S1-S24)."
193;"La date ""11/12/2024"" ne correspond à aucune période de jeu (S1-S24)."
194;"La date ""11/12/2024"" ne correspond à aucune période de jeu (S1-S24)."
195;"La date ""11/12/2024"" ne correspond à aucune période de jeu (S1-S24)."
196;"La date ""11/12/2024"" ne correspond à aucune période de jeu (S1-S24)."
197;"La date ""07/12/2024"" ne correspond à aucune période de jeu (S1-S24)."
198;"La date ""07/12/2024"" ne correspond à aucune période de jeu (S1-S24)."
199;"La date ""07/12/2024"" ne correspond à aucune période de jeu (S1-S24)."
200;"La date ""07/12/2024"" ne correspond à aucune période de jeu (S1-S24)."
201;"La date ""07/12/2024"" ne correspond à aucune période de jeu (S1-S24)."
202;"La date ""07/12/2024"" ne correspond à aucune période de jeu (S1-S24)."
203;"La date ""07/12/2024"" ne correspond à aucune période de jeu (S1-S24)."
204;"La date ""07/12/2024"" ne correspond à aucune période de jeu (S1-S24)."
205;"La date ""07/12/2024"" ne correspond à aucune période de jeu (S1-S24)."
206;"La date ""07/12/2024"" ne correspond à aucune période de jeu (S1-S24)."
207;"La date ""07/12/2024"" ne correspond à aucune période de jeu (S1-S24)."
208;"La date ""07/12/2024"" ne correspond à aucune période de jeu (S1-S24)."
209;"La date ""07/12/2024"" ne correspond à aucune période de jeu (S1-S24)."
210;"La date ""07/12/2024"" ne correspond à aucune période de jeu (S1-S24)."
211;"La date ""07/12/2024"" ne correspond à aucune période de jeu (S1-S24)."
212;"La date ""07/12/2024"" ne correspond à aucune période de jeu (S1-S24)."
213;"La date ""15/12/2024"" ne correspond à aucune période de jeu (S1-S24)."
214;"La date ""15/12/2024"" ne correspond à aucune période de jeu (S1-S24)."
215;"La date ""15/12/2024"" ne correspond à aucune période de jeu (S1-S24)."
216;"La date ""15/12/2024"" ne correspond à aucune période de jeu (S1-S24)."
217;"La date ""15/12/2024"" ne correspond à aucune période de jeu (S1-S24)."
218;"La date ""15/12/2024"" ne correspond à aucune période de jeu (S1-S24)."
219;"La date ""15/12/2024"" ne correspond à aucune période de jeu (S1-S24)."
220;"La date ""15/12/2024"" ne correspond à aucune période de jeu (S1-S24)."
221;"La date ""15/12/2024"" ne correspond à aucune période de jeu (S1-S24)."
222;"La date ""15/12/2024"" ne correspond à aucune période de jeu (S1-S24)."
223;"La date ""15/12/2024"" ne correspond à aucune période de jeu (S1-S24)."
224;"La date ""15/12/2024"" ne correspond à aucune période de jeu (S1-S24)."
225;"La date ""15/12/2024"" ne correspond à aucune période de jeu (S1-S24)."
226;"La date ""15/12/2024"" ne correspond à aucune période de jeu (S1-S24)."
227;"La date ""15/12/2024"" ne correspond à aucune période de jeu (S1-S24)."
228;"La date ""15/12/2024"" ne correspond à aucune période de jeu (S1-S24)."
229;"La date ""15/12/2024"" ne correspond à aucune période de jeu (S1-S24)."
230;"La date ""15/12/2024"" ne correspond à aucune période de jeu (S1-S24)."
231;"La date ""15/12/2024"" ne correspond à aucune période de jeu (S1-S24)."
232;"La date ""15/12/2024"" ne correspond à aucune période de jeu (S1-S24)."
233;"La date ""15/12/2024"" ne correspond à aucune période de jeu (S1-S24)."
234;"La date ""15/12/2024"" ne correspond à aucune période de jeu (S1-S24)."
235;"La date ""15/12/2024"" ne correspond à aucune période de jeu (S1-S24)."
236;"La date ""15/12/2024"" ne correspond à aucune période de jeu (S1-S24)."
237;"La date ""15/12/2024"" ne correspond à aucune période de jeu (S1-S24)."
238;"La date ""01/12/2024"" ne correspond à aucune période de jeu (S1-S24)."
239;"La date ""01/12/2024"" ne correspond à aucune période de jeu (S1-S24)."
240;"La date ""01/12/2024"" ne correspond à aucune période de jeu (S1-S24)."
241;"La date ""01/12/2024"" ne correspond à aucune période de jeu (S1-S24)."
242;"La date ""01/12/2024"" ne correspond à aucune période de jeu (S1-S24)."
243;"La date ""01/12/2024"" ne correspond à aucune période de jeu (S1-S24)."
244;"La date ""01/12/2024"" ne correspond à aucune période de jeu (S1-S24)."
245;"La date ""01/12/2024"" ne correspond à aucune période de jeu (S1-S24)."
246;"La date ""01/12/2024"" ne correspond à aucune période de jeu (S1-S24)."
247;"La date ""01/12/2024"" ne correspond à aucune période de jeu (S1-S24)."
248;"La date ""01/12/2024"" ne correspond à aucune période de jeu (S1-S24)."
249;"La date ""07/12/2024"" ne correspond à aucune période de jeu (S1-S24)."
250;"La date ""07/12/2024"" ne correspond à aucune période de jeu (S1-S24)."
251;"La date ""07/12/2024"" ne correspond à aucune période de jeu (S1-S24)."
252;"La date ""07/12/2024"" ne correspond à aucune période de jeu (S1-S24)."
253;"La date ""07/12/2024"" ne correspond à aucune période de jeu (S1-S24)."
254;"La date ""07/12/2024"" ne correspond à aucune période de jeu (S1-S24)."
255;"La date ""07/12/2024"" ne correspond à aucune période de jeu (S1-S24)."
256;"La date ""07/12/2024"" ne correspond à aucune période de jeu (S1-S24)."
257;"La date ""07/12/2024"" ne correspond à aucune période de jeu (S1-S24)."
258;"La date ""07/12/2024"" ne correspond à aucune période de jeu (S1-S24)."
259;"La date ""07/12/2024"" ne correspond à aucune période de jeu (S1-S24)."
260;"La date ""07/12/2024"" ne correspond à aucune période de jeu (S1-S24)."
261;"La date ""07/12/2024"" ne correspond à aucune période de jeu (S1-S24)."
262;"La date ""07/12/2024"" ne correspond à aucune période de jeu (S1-S24)."
263;"La date ""07/12/2024"" ne correspond à aucune période de jeu (S1-S24)."
264;"La date ""07/12/2024"" ne correspond à aucune période de jeu (S1-S24)."
265;"La date ""15/12/2024"" ne correspond à aucune période de jeu (S1-S24)."
266;"La date ""15/12/2024"" ne correspond à aucune période de jeu (S1-S24)."
267;"La date ""15/12/2024"" ne correspond à aucune période de jeu (S1-S24)."
268;"La date ""15/12/2024"" ne correspond à aucune période de jeu (S1-S24)."
269;"La date ""15/12/2024"" ne correspond à aucune période de jeu (S1-S24)."
270;"La date ""15/12/2024"" ne correspond à aucune période de jeu (S1-S24)."
271;"La date ""15/12/2024"" ne correspond à aucune période de jeu (S1-S24)."
272;"La date ""15/12/2024"" ne correspond à aucune période de jeu (S1-S24)."
273;"La date ""15/12/2024"" ne correspond à aucune période de jeu (S1-S24)."
274;"La date ""15/12/2024"" ne correspond à aucune période de jeu (S1-S24)."
275;"La date ""15/12/2024"" ne correspond à aucune période de jeu (S1-S24)."
276;"La date ""15/12/2024"" ne correspond à aucune période de jeu (S1-S24)."
277;"La date ""15/12/2024"" ne correspond à aucune période de jeu (S1-S24)."
278;"La date ""15/12/2024"" ne correspond à aucune période de jeu (S1-S24)."
279;"La date ""15/12/2024"" ne correspond à aucune période de jeu (S1-S24)."
280;"La date ""15/12/2024"" ne correspond à aucune période de jeu (S1-S24)."
281;"La date ""15/12/2024"" ne correspond à aucune période de jeu (S1-S24)."
282;"La date ""15/12/2024"" ne correspond à aucune période de jeu (S1-S24)."
283;"La date ""15/12/2024"" ne correspond à aucune période de jeu (S1-S24)."
284;"La date ""15/12/2024"" ne correspond à aucune période de jeu (S1-S24)."
285;"La date ""15/12/2024"" ne correspond à aucune période de jeu (S1-S24)."
286;"La date ""15/12/2024"" ne correspond à aucune période de jeu (S1-S24)."
287;"La date ""15/12/2024"" ne correspond à aucune période de jeu (S1-S24)."
288;"La date ""15/12/2024"" ne correspond à aucune période de jeu (S1-S24)."
289;"La date ""15/12/2024"" ne correspond à aucune période de jeu (S1-S24)."
290;"La date ""15/12/2024"" ne correspond à aucune période de jeu (S1-S24)."
291;"La date ""15/12/2024"" ne correspond à aucune période de jeu (S1-S24)."
292;"La date ""15/12/2024"" ne correspond à aucune période de jeu (S1-S24)."
293;"La date ""15/12/2024"" ne correspond à aucune période de jeu (S1-S24)."
294;"La date ""15/12/2024"" ne correspond à aucune période de jeu (S1-S24)."
295;"La date ""15/12/2024"" ne correspond à aucune période de jeu (S1-S24)."
296;"La date ""15/12/2024"" ne correspond à aucune période de jeu (S1-S24)."
297;"La date ""08/12/2024"" ne correspond à aucune période de jeu (S1-S24)."
298;"La date ""08/12/2024"" ne correspond à aucune période de jeu (S1-S24)."
299;"La date ""08/12/2024"" ne correspond à aucune période de jeu (S1-S24)."
300;"La date ""08/12/2024"" ne correspond à aucune période de jeu (S1-S24)."
301;"La date ""08/12/2024"" ne correspond à aucune période de jeu (S1-S24)."
302;"La date ""08/12/2024"" ne correspond à aucune période de jeu (S1-S24)."
303;"La date ""08/12/2024"" ne correspond à aucune période de jeu (S1-S24)."
304;"La date ""06/01/2025"" ne correspond à aucune période de jeu (S1-S24)."
305;"La date ""08/12/2024"" ne correspond à aucune période de jeu (S1-S24)."
306;"La date ""08/12/2024"" ne correspond à aucune période de jeu (S1-S24)."
307;"La date ""08/12/2024"" ne correspond à aucune période de jeu (S1-S24)."
308;"La date ""08/12/2024"" ne correspond à aucune période de jeu (S1-S24)."
309;"La date ""08/12/2024"" ne correspond à aucune période de jeu (S1-S24)."
310;"La date ""27/11/2024"" ne correspond à aucune période de jeu (S1-S24)."
311;"La date ""27/11/2024"" ne correspond à aucune période de jeu (S1-S24)."
312;"La date ""27/11/2024"" ne correspond à aucune période de jeu (S1-S24)."
313;"La date ""27/11/2024"" ne correspond à aucune période de jeu (S1-S24)."
314;"La date ""27/11/2024"" ne correspond à aucune période de jeu (S1-S24)."
315;"La date ""27/11/2024"" ne correspond à aucune période de jeu (S1-S24)."
316;"La date ""27/11/2024"" ne correspond à aucune période de jeu (S1-S24)."
317;"La date ""27/11/2024"" ne correspond à aucune période de jeu (S1-S24)."
318;"La date ""27/11/2024"" ne correspond à aucune période de jeu (S1-S24)."
319;"La date ""27/11/2024"" ne correspond à aucune période de jeu (S1-S24)."
320;"La date ""27/11/2024"" ne correspond à aucune période de jeu (S1-S24)."
321;"La date ""27/11/2024"" ne correspond à aucune période de jeu (S1-S24)."
322;"La date ""27/11/2024"" ne correspond à aucune période de jeu (S1-S24)."
323;"La date ""27/11/2024"" ne correspond à aucune période de jeu (S1-S24)."
324;"La date ""27/11/2024"" ne correspond à aucune période de jeu (S1-S24)."
325;"La date ""27/11/2024"" ne correspond à aucune période de jeu (S1-S24)."
326;"La date ""27/11/2024"" ne correspond à aucune période de jeu (S1-S24)."
327;"La date ""27/11/2024"" ne correspond à aucune période de jeu (S1-S24)."
328;"La date ""27/11/2024"" ne correspond à aucune période de jeu (S1-S24)."
329;"La date ""27/11/2024"" ne correspond à aucune période de jeu (S1-S24)."
330;"La date ""27/11/2024"" ne correspond à aucune période de jeu (S1-S24)."
331;"La date ""27/11/2024"" ne correspond à aucune période de jeu (S1-S24)."
332;"La date ""27/11/2024"" ne correspond à aucune période de jeu (S1-S24)."
333;"La date ""27/11/2024"" ne correspond à aucune période de jeu (S1-S24)."
334;"La date ""27/11/2024"" ne correspond à aucune période de jeu (S1-S24)."
335;"La date ""27/11/2024"" ne correspond à aucune période de jeu (S1-S24)."
336;"La date ""09/12/2024"" ne correspond à aucune période de jeu (S1-S24)."
337;"La date ""27/11/2024"" ne correspond à aucune période de jeu (S1-S24)."
338;"La date ""28/11/2024"" ne correspond à aucune période de jeu (S1-S24)."
339;"La date ""28/11/2024"" ne correspond à aucune période de jeu (S1-S24)."
340;"La date ""28/11/2024"" ne correspond à aucune période de jeu (S1-S24)."
341;"La date ""28/11/2024"" ne correspond à aucune période de jeu (S1-S24)."
342;"La date ""28/11/2024"" ne correspond à aucune période de jeu (S1-S24)."
343;"La date ""28/11/2024"" ne correspond à aucune période de jeu (S1-S24)."
344;"La date ""28/11/2024"" ne correspond à aucune période de jeu (S1-S24)."
345;"La date ""28/11/2024"" ne correspond à aucune période de jeu (S1-S24)."
346;"La date ""28/11/2024"" ne correspond à aucune période de jeu (S1-S24)."
347;"La date ""28/11/2024"" ne correspond à aucune période de jeu (S1-S24)."
348;"La date ""29/11/2024"" ne correspond à aucune période de jeu (S1-S24)."
349;"La date ""29/11/2024"" ne correspond à aucune période de jeu (S1-S24)."
350;"La date ""29/11/2024"" ne correspond à aucune période de jeu (S1-S24)."
351;"La date ""29/11/2024"" ne correspond à aucune période de jeu (S1-S24)."
352;"La date ""29/11/2024"" ne correspond à aucune période de jeu (S1-S24)."
353;"La date ""29/11/2024"" ne correspond à aucune période de jeu (S1-S24)."
354;"La date ""29/11/2024"" ne correspond à aucune période de jeu (S1-S24)."
355;"La date ""29/11/2024"" ne correspond à aucune période de jeu (S1-S24)."
356;"La date ""29/11/2024"" ne correspond à aucune période de jeu (S1-S24)."
357;"La date ""29/11/2024"" ne correspond à aucune période de jeu (S1-S24)."
358;"La date ""29/11/2024"" ne correspond à aucune période de jeu (S1-S24)."
359;"La date ""29/11/2024"" ne correspond à aucune période de jeu (S1-S24)."
360;"La date ""29/11/2024"" ne correspond à aucune période de jeu (S1-S24)."
361;"La date ""29/11/2024"" ne correspond à aucune période de jeu (S1-S24)."
362;"La date ""29/11/2024"" ne correspond à aucune période de jeu (S1-S24)."
363;"La date ""29/11/2024"" ne correspond à aucune période de jeu (S1-S24)."
364;"La date ""29/11/2024"" ne correspond à aucune période de jeu (S1-S24)."
365;"La date ""29/11/2024"" ne correspond à aucune période de jeu (S1-S24)."
366;"La date ""29/11/2024"" ne correspond à aucune période de jeu (S1-S24)."
367;"La date ""29/11/2024"" ne correspond à aucune période de jeu (S1-S24)."
368;"La date ""29/11/2024"" ne correspond à aucune période de jeu (S1-S24)."
369;"La date ""29/11/2024"" ne correspond à aucune période de jeu (S1-S24)."
370;"La date ""29/11/2024"" ne correspond à aucune période de jeu (S1-S24)."
371;"La date ""29/11/2024"" ne correspond à aucune période de jeu (S1-S24)."
372;"La date ""29/11/2024"" ne correspond à aucune période de jeu (S1-S24)."
373;"La date ""29/11/2024"" ne correspond à aucune période de jeu (S1-S24)."
374;"La date ""29/11/2024"" ne correspond à aucune période de jeu (S1-S24)."
375;"La date ""29/11/2024"" ne correspond à aucune période de jeu (S1-S24)."
376;"La date ""29/11/2024"" ne correspond à aucune période de jeu (S1-S24)."
377;"La date ""29/11/2024"" ne correspond à aucune période de jeu (S1-S24)."
378;"La date ""29/11/2024"" ne correspond à aucune période de jeu (S1-S24)."
379;"La date ""30/11/2024"" ne correspond à aucune période de jeu (S1-S24)."
380;"La date ""30/11/2024"" ne correspond à aucune période de jeu (S1-S24)."
381;"La date ""30/11/2024"" ne correspond à aucune période de jeu (S1-S24)."
382;"La date ""30/11/2024"" ne correspond à aucune période de jeu (S1-S24)."
383;"La date ""30/11/2024"" ne correspond à aucune période de jeu (S1-S24)."
384;"La date ""30/11/2024"" ne correspond à aucune période de jeu (S1-S24)."
385;"La date ""30/11/2024"" ne correspond à aucune période de jeu (S1-S24)."
386;"La date ""30/11/2024"" ne correspond à aucune période de jeu (S1-S24)."
387;"La date ""30/11/2024"" ne correspond à aucune période de jeu (S1-S24)."
388;"La date ""30/11/2024"" ne correspond à aucune période de jeu (S1-S24)."
389;"La date ""30/11/2024"" ne correspond à aucune période de jeu (S1-S24)."
390;"La date ""30/11/2024"" ne correspond à aucune période de jeu (S1-S24)."
391;"La date ""30/11/2024"" ne correspond à aucune période de jeu (S1-S24)."
392;"La date ""30/11/2024"" ne correspond à aucune période de jeu (S1-S24)."
393;"La date ""30/11/2024"" ne correspond à aucune période de jeu (S1-S24)."
394;"La date ""30/11/2024"" ne correspond à aucune période de jeu (S1-S24)."
395;"La date ""30/11/2024"" ne correspond à aucune période de jeu (S1-S24)."
396;"La date ""30/11/2024"" ne correspond à aucune période de jeu (S1-S24)."
397;"La date ""01/12/2024"" ne correspond à aucune période de jeu (S1-S24)."
398;"La date ""01/12/2024"" ne correspond à aucune période de jeu (S1-S24)."
399;"La date ""01/12/2024"" ne correspond à aucune période de jeu (S1-S24)."
400;"La date ""01/12/2024"" ne correspond à aucune période de jeu (S1-S24)."
401;"La date ""01/12/2024"" ne correspond à aucune période de jeu (S1-S24)."
402;"La date ""01/12/2024"" ne correspond à aucune période de jeu (S1-S24)."
403;"La date ""01/12/2024"" ne correspond à aucune période de jeu (S1-S24)."
404;"La date ""01/12/2024"" ne correspond à aucune période de jeu (S1-S24)."
405;"La date ""01/12/2024"" ne correspond à aucune période de jeu (S1-S24)."
406;"La date ""01/12/2024"" ne correspond à aucune période de jeu (S1-S24)."
407;"La date ""01/12/2024"" ne correspond à aucune période de jeu (S1-S24)."
408;"La date ""01/12/2024"" ne correspond à aucune période de jeu (S1-S24)."
409;"La date ""01/12/2024"" ne correspond à aucune période de jeu (S1-S24)."
410;"La date ""01/12/2024"" ne correspond à aucune période de jeu (S1-S24)."
411;"La date ""01/12/2024"" ne correspond à aucune période de jeu (S1-S24)."
412;"La date ""01/12/2024"" ne correspond à aucune période de jeu (S1-S24)."
413;"La date ""01/12/2024"" ne correspond à aucune période de jeu (S1-S24)."
414;"La date ""01/12/2024"" ne correspond à aucune période de jeu (S1-S24)."
415;"La date ""01/12/2024"" ne correspond à aucune période de jeu (S1-S24)."
416;"La date ""01/12/2024"" ne correspond à aucune période de jeu (S1-S24)."
417;"La date ""01/12/2024"" ne correspond à aucune période de jeu (S1-S24)."
418;"La date ""01/12/2024"" ne correspond à aucune période de jeu (S1-S24)."
419;"La date ""01/12/2024"" ne correspond à aucune période de jeu (S1-S24)."
420;"La date ""01/12/2024"" ne correspond à aucune période de jeu (S1-S24)."
421;"La date ""01/12/2024"" ne correspond à aucune période de jeu (S1-S24)."
422;"La date ""01/12/2024"" ne correspond à aucune période de jeu (S1-S24)."
423;"La date ""01/12/2024"" ne correspond à aucune période de jeu (S1-S24)."
424;"La date ""01/12/2024"" ne correspond à aucune période de jeu (S1-S24)."
425;"La date ""01/12/2024"" ne correspond à aucune période de jeu (S1-S24)."
426;"La date ""01/12/2024"" ne correspond à aucune période de jeu (S1-S24)."
427;"La date ""01/12/2024"" ne correspond à aucune période de jeu (S1-S24)."
428;"La date ""01/12/2024"" ne correspond à aucune période de jeu (S1-S24)."
429;"La date ""01/12/2024"" ne correspond à aucune période de jeu (S1-S24)."
430;"La date ""01/12/2024"" ne correspond à aucune période de jeu (S1-S24)."
431;"La date ""01/12/2024"" ne correspond à aucune période de jeu (S1-S24)."
432;"La date ""01/12/2024"" ne correspond à aucune période de jeu (S1-S24)."
433;"La date ""01/12/2024"" ne correspond à aucune période de jeu (S1-S24)."
434;"La date ""01/12/2024"" ne correspond à aucune période de jeu (S1-S24)."
435;"La date ""01/12/2024"" ne correspond à aucune période de jeu (S1-S24)."
436;"La date ""01/12/2024"" ne correspond à aucune période de jeu (S1-S24)."
437;"La date ""01/12/2024"" ne correspond à aucune période de jeu (S1-S24)."
438;"La date ""01/12/2024"" ne correspond à aucune période de jeu (S1-S24)."
439;"La date ""01/12/2024"" ne correspond à aucune période de jeu (S1-S24)."
440;"La date ""01/12/2024"" ne correspond à aucune période de jeu (S1-S24)."
441;"La date ""01/12/2024"" ne correspond à aucune période de jeu (S1-S24)."
442;"La date ""01/12/2024"" ne correspond à aucune période de jeu (S1-S24)."
443;"La date ""01/12/2024"" ne correspond à aucune période de jeu (S1-S24)."
444;"La date ""01/12/2024"" ne correspond à aucune période de jeu (S1-S24)."
445;"La date ""01/12/2024"" ne correspond à aucune période de jeu (S1-S24)."
446;"La date ""01/12/2024"" ne correspond à aucune période de jeu (S1-S24)."
447;"La date ""01/12/2024"" ne correspond à aucune période de jeu (S1-S24)."
448;"La date ""01/12/2024"" ne correspond à aucune période de jeu (S1-S24)."
449;"La date ""01/12/2024"" ne correspond à aucune période de jeu (S1-S24)."
450;"La date ""01/12/2024"" ne correspond à aucune période de jeu (S1-S24)."
451;"La date ""01/12/2024"" ne correspond à aucune période de jeu (S1-S24)."
452;"La date ""01/12/2024"" ne correspond à aucune période de jeu (S1-S24)."
453;"La date ""01/12/2024"" ne correspond à aucune période de jeu (S1-S24)."
454;"La date ""01/12/2024"" ne correspond à aucune période de jeu (S1-S24)."
455;"La date ""01/12/2024"" ne correspond à aucune période de jeu (S1-S24)."
456;"La date ""01/12/2024"" ne correspond à aucune période de jeu (S1-S24)."
457;"La date ""01/12/2024"" ne correspond à aucune période de jeu (S1-S24)."
458;"La date ""01/12/2024"" ne correspond à aucune période de jeu (S1-S24)."
459;"La date ""01/12/2024"" ne correspond à aucune période de jeu (S1-S24)."
460;"La date ""01/12/2024"" ne correspond à aucune période de jeu (S1-S24)."
461;"La date ""01/12/2024"" ne correspond à aucune période de jeu (S1-S24)."
462;"La date ""01/12/2024"" ne correspond à aucune période de jeu (S1-S24)."
463;"La date ""01/12/2024"" ne correspond à aucune période de jeu (S1-S24)."
464;"La date ""01/12/2024"" ne correspond à aucune période de jeu (S1-S24)."
465;"La date ""01/12/2024"" ne correspond à aucune période de jeu (S1-S24)."
466;"La date ""01/12/2024"" ne correspond à aucune période de jeu (S1-S24)."
467;"La date ""01/12/2024"" ne correspond à aucune période de jeu (S1-S24)."
468;"La date ""01/12/2024"" ne correspond à aucune période de jeu (S1-S24)."
469;"La date ""01/12/2024"" ne correspond à aucune période de jeu (S1-S24)."
470;"La date ""01/12/2024"" ne correspond à aucune période de jeu (S1-S24)."
471;"La date ""01/12/2024"" ne correspond à aucune période de jeu (S1-S24)."
472;"La date ""01/12/2024"" ne correspond à aucune période de jeu (S1-S24)."
473;"La date ""01/12/2024"" ne correspond à aucune période de jeu (S1-S24)."
474;"La date ""01/12/2024"" ne correspond à aucune période de jeu (S1-S24)."
475;"La date ""01/12/2024"" ne correspond à aucune période de jeu (S1-S24)."
476;"La date ""01/12/2024"" ne correspond à aucune période de jeu (S1-S24)."
477;"La date ""01/12/2024"" ne correspond à aucune période de jeu (S1-S24)."
478;"La date ""08/12/2024"" ne correspond à aucune période de jeu (S1-S24)."
479;"La date ""08/12/2024"" ne correspond à aucune période de jeu (S1-S24)."
480;"La date ""08/12/2024"" ne correspond à aucune période de jeu (S1-S24)."
481;"La date ""08/12/2024"" ne correspond à aucune période de jeu (S1-S24)."
482;"La date ""08/12/2024"" ne correspond à aucune période de jeu (S1-S24)."
483;"La date ""08/12/2024"" ne correspond à aucune période de jeu (S1-S24)."
484;"La date ""08/12/2024"" ne correspond à aucune période de jeu (S1-S24)."
485;"La date ""08/12/2024"" ne correspond à aucune période de jeu (S1-S24)."
486;"La date ""08/12/2024"" ne correspond à aucune période de jeu (S1-S24)."
487;"La date ""08/12/2024"" ne correspond à aucune période de jeu (S1-S24)."
488;"La date ""08/12/2024"" ne correspond à aucune période de jeu (S1-S24)."
489;"La date ""08/12/2024"" ne correspond à aucune période de jeu (S1-S24)."
490;"La date ""15/12/2024"" ne correspond à aucune période de jeu (S1-S24)."
491;"La date ""15/12/2024"" ne correspond à aucune période de jeu (S1-S24)."
492;"La date ""15/12/2024"" ne correspond à aucune période de jeu (S1-S24)."
493;"La date ""15/12/2024"" ne correspond à aucune période de jeu (S1-S24)."
494;"La date ""15/12/2024"" ne correspond à aucune période de jeu (S1-S24)."
495;"La date ""15/12/2024"" ne correspond à aucune période de jeu (S1-S24)."
496;"La date ""17/12/2024"" ne correspond à aucune période de jeu (S1-S24)."
497;"La date ""17/12/2024"" ne correspond à aucune période de jeu (S1-S24)."
498;"La date ""17/12/2024"" ne correspond à aucune période de jeu (S1-S24)."
499;"La date ""17/12/2024"" ne correspond à aucune période de jeu (S1-S24)."
500;"La date ""17/12/2024"" ne correspond à aucune période de jeu (S1-S24)."
501;"La date ""17/12/2024"" ne correspond à aucune période de jeu (S1-S24)."